{"cameraMode":{"drawMode":0,"name":"Shaded","section":"Shading Mode"},"sceneLighting":false,"audioPlay":false,"sceneViewState":{"showFog":true,"showMaterialUpdate":false,"showSkybox":true,"showFlares":true,"showImageEffects":true,"showParticleSystems":true},"in2DMode":false,"pivot":{"x":414.41973876953127,"y":117.90916442871094,"z":13.576322555541993},"rotation":{"x":0.18187518417835236,"y":0.2783178389072418,"z":-0.053759898990392688,"w":0.94157874584198},"size":36.66450119018555,"orthographic":false}